File_Name,Name
10__Judgement_11-May-2018.txt,"Ranjan Gogoi, N.V. Ramana, Mohan M. Shantanagoudar, S. Abdul Nazeer"
10__Judgement_12-Feb-2018.txt,"Ranjan Gogoi, R. Banumathi"
10__Judgement_20-Feb-2019.txt,"A.M. Khanwilkar, Ajay Rastogi"
10000_2008_Judgement_09-May-2018.txt,"Arun Mishra, Uday Umesh Lalit"
10022_2008_Judgement_03-Dec-2018.txt,"Abhay Manohar Sapre, Indu Malhotra"
10034_2016_Judgement_09-Feb-2018.txt,"A.M. Khanwilkar, D.Y. Chanchud"
10036_2018_Judgement_28-Mar-2018.txt,"Kurian Joseph, Mohan M. Shantanagoudar, Navin Sinha"
10043_2017_9_1502_17294_Judgement_04-Oct-2019.txt,"L. Nageswara Rao, Hemant Gupta"
10074_2009_Judgement_08-Feb-2018.txt,"N.V. Ramana, S. Abdul Nazeer"
10091_2003_Judgement_13-Apr-2018.txt,"R.K. Agrawal, Abhay Manohar Sapre"
10096_2016_Judgement_14-Aug-2017.txt,A.M. Khanwilkar
10099_2008_Judgement_12-Feb-2019.txt,"Abhay Manohar Sapre, Dinesh Maheshwari"
10102_2017_Judgement_26-Mar-2019.txt,"Abhay Manohar Sapre, Dinesh Maheshwari"
1013_2018_Judgement_11-Mar-2019.txt,"Rohinton Fali Nariman, Vineet Saran"
10136_2008_Judgement_01-Feb-2019.txt,"Abhay Manohar Sapre, Dinesh Maheshwari"
10144_2016_Judgement_01-Aug-2018.txt,"N.V. Ramana, Mohan M. Shantanagoudar"
10148_2018_Judgement_26-Nov-2018.txt,"Kurian Joseph, Hemant Gupta"
10151_2015_Judgement_13-Feb-2019.txt,"Ashok Bhushan, K.M. Joseph"
10157_2011_Judgement_15-Nov-2018.txt,"Arun Mishra, Vineet Saran"
10189_2007_Judgement_07-Jan-2019.txt,"Abhay Manohar Sapre, R. Subhash Reddy"
10194_2019_Judgement_10-May-2019.txt,"D.Y. Chanchud, Hemant Gupta"
10208_2009_Judgement_18-Feb-2019.txt,"L. Nageswara Rao, Mohan M. Shantanagoudar"
10210_2010_Judgement_06-Dec-2017.txt,"Ranjan Gogoi, R. Banumathi"
10243_2018_Judgement_01-Oct-2018.txt,"Kurian Joseph, Sanjay Kishan Kaul, Navin Sinha"
10254_2009_12_1501_16652_Judgement_11-Sep-2019.txt,"Navin Sinha, B.R. Gavai"
10255_2008_Judgement_30-Oct-2018.txt,"Abhay Manohar Sapre, Indu Malhotra"
10297_2019_12_1504_16240_Judgement_21-Aug-2019.txt,"D.Y. Chanchud, Indira Banerjee"
10299_2015_3_1501_15661_Judgement_06-Aug-2019.txt,"N.V. Ramana, Mohan M. Shantanagoudar, Ajay Rastogi"
10306_2017_Judgement_14-Nov-2017.txt,"Kurian Joseph, R. Banumathi"
10322_2013_Judgement_17-Aug-2016.txt,"Chelameswar, Abhay Manohar Sapre"
1033_1999_Judgement_18-May-2018.txt,"A.M. Khanwilkar, D.Y. Chanchud"
1033_2017_Judgement_01-May-2019.txt,"Abhay Manohar Sapre, Dinesh Maheshwari"
10330_2017_Judgement_24-Aug-2017.txt,"Kurian Joseph, R. Banumathi"
10332_2016_Judgement_07-Feb-2018.txt,"Kurian Joseph, Mohan M. Shantanagoudar"
10345_2018_Judgement_09-Apr-2018.txt,"Kurian Joseph, Mohan M. Shantanagoudar, Navin Sinha"
10348_2013_Judgement_07-Sep-2017.txt,"Kurian Joseph, R. Banumathi"
10364_2017_Judgement_31-Jul-2017.txt,"A.K. Sikri, Ashok Bhushan"
10392_2009_Judgement_29-Mar-2019.txt,"N.V. Ramana, Mohan M. Shantanagoudar"
10396_2015_Judgement_15-Feb-2019.txt,"L. Nageswara Rao, M.R. Shah"
10415_2018_9_1502_16069_Judgement_19-Aug-2019.txt,"L. Nageswara Rao, Hemant Gupta"
10439_2007_Judgement_19-Feb-2018.txt,"R.K. Agrawal, Abhay Manohar Sapre"
10459_2016_Judgement_27-Mar-2018.txt,"Kurian Joseph, Mohan M. Shantanagoudar, Navin Sinha"
10461_2016_Judgement_12-Mar-2019.txt,"N.V. Ramana, Mohan M. Shantanagoudar"
1052_2018_12_1502_17954_Judgement_06-Nov-2019.txt,"L. Nageswara Rao, Hemant Gupta"
10523_2008_Judgement_07-Jan-2019.txt,"Abhay Manohar Sapre, R. Subhash Reddy"
10532_2013_3_1501_17728_Judgement_22-Oct-2019.txt,"N.V. Ramana, Sanjiv Khanna, Krishna Murari"
10558_2018_Judgement_11-Sep-2018.txt,"Rohinton Fali Nariman, Indu Malhotra"
10595_2016_Judgement_15-Mar-2019.txt,"Uday Umesh Lalit, Indu Malhotra"
10605_2017_Judgement_17-Jul-2017.txt,"R.K. Agrawal, Abhay Manohar Sapre"
10609_2009_13_1502_16840_Judgement_17-Sep-2019.txt,"Deepak Gupta, Aniruddha Bose"
10631_2008_Judgement_15-Feb-2019.txt,"A.M. Khanwilkar, Ajay Rastogi"
10655_2018_Judgement_01-Aug-2018.txt,"A.K. Sikri, Ashok Bhushan"
10674_2019_8_1503_15475_Judgement_30-Jul-2019.txt,"Uday Umesh Lalit, Vineet Saran"
10676_2018_Judgement_07-Mar-2019.txt,"Uday Umesh Lalit, Indu Malhotra"
10678_2010_Judgement_28-Aug-2018.txt,"N.V. Ramana, Mohan M. Shantanagoudar"
10689_2008_Judgement_17-May-2018.txt,"A.M. Khanwilkar, D.Y. Chanchud"
10691_2006_Judgement_04-Oct-2017.txt,"Ranjan Gogoi, Abhay Manohar Sapre, Navin Sinha"
10694_2018_12_1501_14356_Judgement_03-May-2019.txt,"Ashok Bhushan, K.M. Joseph"
1070_2018_Judgement_16-Apr-2019.txt,"Rohinton Fali Nariman, Vineet Saran"
10738_2019_14_1501_17459_Judgement_15-Oct-2019.txt,"Deepak Gupta, Aniruddha Bose"
1075_2010_Judgement_16-Aug-2018.txt,"Ranjan Gogoi, Navin Sinha, K.M. Joseph"
10757_2008_Judgement_07-Jan-2019.txt,"Abhay Manohar Sapre, R. Subhash Reddy"
10785_2017_Judgement_30-Apr-2019.txt,"D.Y. Chanchud, Hemant Gupta"
10804_2013_9_1501_16776_Judgement_16-Sep-2019.txt,"L. Nageswara Rao, Hemant Gupta"
1081_2014_Judgement_16-May-2018.txt,"Arun Mishra, Uday Umesh Lalit"
10822_2017_Judgement_18-Aug-2017.txt,"Kurian Joseph, R. Banumathi"
1092_2006_Judgement_06-Sep-2018.txt,"R. Banumathi, Indira Banerjee"
10934_2012_Judgement_19-Sep-2018.txt,"A.M. Khanwilkar, D.Y. Chanchud"
10962_2014_Judgement_22-Jan-2019.txt,"A.K. Sikri, S. Abdul Nazeer, M.R. Shah"
10982_2015_Judgement_25-Jan-2017.txt,"A.K. Sikri, R.K. Agrawal"
10992_2012_Judgement_22-Feb-2019.txt,"N.V. Ramana, Mohan M. Shantanagoudar"
11016_2008_Judgement_28-Jan-2019.txt,"Abhay Manohar Sapre, Dinesh Maheshwari"
11020_2014_6_1501_15918_Judgement_08-Aug-2019.txt,"Abhay Manohar Sapre, Indu Malhotra"
11032_2008_8_1501_16819_Judgement_19-Sep-2019.txt,"A.M. Khanwilkar, Dinesh Maheshwari"
11038_2009_11_1502_17052_Judgement_26-Sep-2019.txt,"Mohan M. Shantanagoudar, Ajay Rastogi"
11043_2017_Judgement_14-Jan-2019.txt,"N.V. Ramana, Mohan M. Shantanagoudar"
11046_2017_Judgement_02-Jul-2018.txt,"A.K. Sikri, Ashok Bhushan"
11095_2018_Judgement_29-Oct-2018.txt,"Arun Mishra, Vineet Saran"
1116_2011_Judgement_19-Sep-2018.txt,"R. Banumathi, Indira Banerjee"
11160_2008_Judgement_07-Mar-2019.txt,"Abhay Manohar Sapre, Dinesh Maheshwari"
11178_2007_Judgement_10-Aug-2018.txt,"Abhay Manohar Sapre, Uday Umesh Lalit"
1120_2013_Judgement_04-Oct-2017.txt,"A.K. Sikri, Ashok Bhushan"
11210_2017_Judgement_17-Aug-2017.txt,"Jagdish Singh Khehar, D.Y. Chanchud, Sanjay Kishan Kaul"
11232_2014_Judgement_25-Sep-2018.txt,"Abhay Manohar Sapre, Uday Umesh Lalit"
11233_2009_13_1501_17132_Judgement_27-Sep-2019.txt,"Deepak Gupta, Surya Kant"
11254_2018_Judgement_06-Dec-2018.txt,"A.K. Sikri, Ashok Bhushan, S. Abdul Nazeer"
11269_2005_Judgement_05-Sep-2017.txt,"R.K. Agrawal, Abhay Manohar Sapre"
11276_2016_11_1501_15651_Judgement_05-Aug-2019.txt,Ashok Bhushan
11290_2005_Judgement_25-Sep-2018.txt,"Uday Umesh Lalit, Ashok Bhushan"
11295_2013_Judgement_24-Apr-2018.txt,"R.K. Agrawal, Abhay Manohar Sapre"
11297_2017_Judgement_09-Feb-2018.txt,"A.M. Khanwilkar, D.Y. Chanchud"
11307_2008_Judgement_07-Jan-2019.txt,"Abhay Manohar Sapre, R. Subhash Reddy"
11311_2009_Judgement_28-Feb-2019.txt,"R. Banumathi, R. Subhash Reddy"
11317_2019_5_1_16555_Judgement_05-Sep-2019.txt,"Rohinton Fali Nariman, R. Subhash Reddy, Surya Kant"
11319_2008_Judgement_12-Oct-2018.txt,"Abhay Manohar Sapre, Indu Malhotra"
11330_2016_Judgement_08-Aug-2017.txt,"Chelameswar, S. Abdul Nazeer"
11339_2017_Judgement_03-Oct-2018.txt,"A.K. Sikri, Ashok Bhushan"
11362_2007_Judgement_04-Oct-2017.txt,"Madan B. Lokur, S. Abdul Nazeer, Deepak Gupta"
11363_2017_Judgement_10-Oct-2018.txt,"R. Banumathi, Indira Banerjee"
11391_2017_5_3_15008_Judgement_10-Jul-2019.txt,"Rohinton Fali Nariman, Surya Kant"
11424_2019_5_1501_16350_Judgement_28-Aug-2019.txt,"Rohinton Fali Nariman, R. Subhash Reddy, Surya Kant"
11436_2015_Judgement_25-Jul-2017.txt,"Adarsh Kumar Goel, Uday Umesh Lalit"
11443_2018_11_6_15359_Judgement_25-Jul-2019.txt,"D.Y. Chanchud, Indira Banerjee"
11451_2011_Judgement_29-Aug-2018.txt,"D.Y. Chanchud, Indira Banerjee"
11456_2012_9_1501_16894_Judgement_20-Sep-2019.txt,"L. Nageswara Rao, Hemant Gupta"
11457_2012_Judgement_12-Feb-2018.txt,"A.K. Sikri, Ashok Bhushan"
11463_2017_Judgement_05-Dec-2017.txt,"Ranjan Gogoi, R. Banumathi"
11511_2018_Judgement_13-Dec-2018.txt,"Rohinton Fali Nariman, Navin Sinha"
11512_2009_3_1502_13358_Judgement_29-Mar-2019.txt,"N.V. Ramana, Mohan M. Shantanagoudar"
11520_2005_Judgement_20-Jul-2017.txt,"Kurian Joseph, R. Banumathi"
11522_2017_Judgement_09-Aug-2018.txt,"Ranjan Gogoi, Navin Sinha, K.M. Joseph"
11524_2014_16_1502_18087_Judgement_08-Nov-2019.txt,"Deepak Gupta, Aniruddha Bose"
11530_2007_Judgement_19-Jul-2017.txt,"Kurian Joseph, R. Banumathi"
11530_2019_4_1501_14597_Judgement_04-Jun-2019.txt,"Indu Malhotra, M.R. Shah"
11532_2017_Judgement_07-Feb-2019.txt,"Abhay Manohar Sapre, Dinesh Maheshwari"
11542_2018_Judgement_05-Sep-2018.txt,"A.M. Khanwilkar, D.Y. Chanchud"
11556_2008_Judgement_31-Jan-2019.txt,"Abhay Manohar Sapre, Dinesh Maheshwari"
11566_2019_Judgement_16-Apr-2019.txt,"D.Y. Chanchud, Hemant Gupta"
11572_2017_Judgement_19-Jul-2017.txt,"Kurian Joseph, R. Banumathi"
11573_2007_Judgement_11-Dec-2018.txt,"Abhay Manohar Sapre, Indu Malhotra"
11574_2017_Judgement_16-May-2018.txt,"Kurian Joseph, Mohan M. Shantanagoudar"
11587_2008_Judgement_07-Jan-2019.txt,"Abhay Manohar Sapre, R. Subhash Reddy"
11622_2018_Judgement_29-Oct-2018.txt,"Abhay Manohar Sapre, Indu Malhotra"
11645_2017_Judgement_22-Sep-2017.txt,"Kurian Joseph, R. Banumathi"
11649_2017_Judgement_17-Jul-2017.txt,"Abhay Manohar Sapre, R. Banumathi"
11650_2016_Judgement_10-Jan-2018.txt,"Madan B. Lokur, Deepak Gupta"
11655_2008_Judgement_22-Apr-2019.txt,"Arun Mishra, Navin Sinha"
11677_2016_Judgement_13-Nov-2018.txt,"Kurian Joseph, Hemant Gupta"
117_2005_Judgement_05-Sep-2017.txt,"R.K. Agrawal, Abhay Manohar Sapre"
11703_2016_Judgement_04-Oct-2018.txt,"R. Banumathi, Indira Banerjee"
11710_2017_4_1504_15807_Judgement_08-Aug-2019.txt,"Arun Mishra, M.R. Shah, B.R. Gavai"
11723_2006_Judgement_13-Sep-2018.txt,"Madan B. Lokur, Deepak Gupta"
11765_2016_Judgement_27-Nov-2018.txt,"Kurian Joseph, Uday Umesh Lalit"
11774_2008_Judgement_31-Jan-2019.txt,"Abhay Manohar Sapre, Dinesh Maheshwari"
11795_2006_Judgement_19-Jun-2017.txt,"Ranjan Gogoi, Navin Sinha"
11800_2011_Judgement_07-Feb-2019.txt,"Ashok Bhushan, K.M. Joseph"
11810_2019_7_1502_15506_Judgement_30-Jul-2019.txt,"R. Banumathi, A.S. Bopanna"
11827_2009_Judgement_25-Nov-2016.txt,"Pinaki Chan Ghose, Ashok Bhushan"
11840_2008_Judgement_24-Sep-2018.txt,"Abhay Manohar Sapre, Mohan M. Shantanagoudar"
11867_2016_Judgement_26-Feb-2019.txt,"Arun Mishra, Deepak Gupta"
11875_2017_Judgement_13-Nov-2017.txt,"Kurian Joseph, R. Banumathi"
11883_2014_5_1501_14974_Judgement_09-Jul-2019.txt,"Rohinton Fali Nariman, Sanjiv Khanna"
WPC39772011.txt,Hrishikesh Roy
WPC40942014.txt,Achintya Malla Bujor Barua
WPC48072014.txt,Arup Kumar Goswami
WPC55872014.txt,Achintya Malla Bujor Barua
CRPIO112017.txt,Kalyan Rai Surana
WPC48052012.txt,A.M. Bujor Barua
WPC54092012.txt,A.M. Bujor Barua
WPC54952012.txt,A.M. Bujor Barua
WPC62042012.txt,A.M. Bujor Barua
CRPIO922017.txt,Kalyan Rai Surana
RSA602008.txt,Prasanta Kumar Deka
WPC45672011.txt,Hrishikesh Roy
WPC47292011.txt,Hrishikesh Roy
WA452014.txt,Ajit Singh Manojit Bhuyan
WPC9612015.txt,Achintya Malla Bujor Barua
CRLPET8472016.txt,Paran Kumar Phukan
ReviewPet152016.txt,Ajit Singh Manojit Bhuyan
RevnPet42016.txt,Ajit Singh Manojit Bhuyan
WA2782016.txt,Ajit Singh Manojit Bhuyan
WPC30202017.txt,Arup Kumar Goswami
RSA62003.txt,Prasanta Kumar Deka
RSA1632007.txt,Prasanta Kumar Deka
WPC6652011.txt,Achintya Malla Bujor Barua
WPC45762012.txt,Achintya Malla Bujor Barua
WPC61312012.txt,Achintya Malla Bujor Barua
ArbA52013.txt,Prasanta Kumar Deka
ElPet32014.txt,Suman Shyam
WPC35612016.txt,Nelson Sailo
WPC9042016.txt,Suman Shyam
WPC4072017.txt,A.M. Bujor Barua
WPC60132015.txt,Achintya Malla Bujor Barua
CrlPet9332016.txt,Rumi Kumari Phukan
WPC30392016.txt,Nelson Sailo
WPC34442016.txt,Nelson Sailo
CRP892017.txt,Kalyan Rai Surana
WPC29552011.txt,A.M. Bujor Barua
WPC40122011.txt,Achintya Malla Bujor Barua
WPC50942011.txt,Hrishikesh Roy
WPC51512011.txt,Hrishikesh Roy
CrlA2752013.txt,Hitesh Kumar Sarma
WAAP72013.txt,Arup Kumar Goswami Prasanta Kumar Deka
CRP2152015.txt,Kalyan Rai Surana
WPC70482016.txt,A.M. Bujor Barua
PIL182016.txt,Ajit Singh Manojit Bhuyan
ReviewPet102017.txt,Ajit Singh Manojit Bhuyan
WPC35862017.txt,A.M. Bujor Barua
WPC63562011.txt,Hrishikesh Roy
MatApp302013.txt,Ajit Singh Manojit Bhuyan
WPC28582014.txt,Nelson Sailo
CrlAJ722016.txt,Hitesh Kumar Sarma
WA1822016.txt,Ajit Singh Manojit Bhuyan
WA1962016.txt,Ajit Singh Manojit Bhuyan
WA3652016.txt,Ajit Singh Manojit Bhuyan
CRP802017.txt,Kalyan Rai Surana
WPC44152010.txt,Nelson Sailo
CRP3982016.txt,Kalyan Rai Surana
RSA1052005.txt,Prasanta Kumar Deka
WPC26522010.txt,Nelson Sailo
CRP1242014.txt,Kalyan Rai Surana
CrlAJ912016.txt,Hitesh Kumar Sarma
CRP892016.txt,Kalyan Rai Surana
CRP3022016.txt,Kalyan Rai Surana
CRP3372016.txt,Kalyan Rai Surana
MatApp152016.txt,Ajit Singh Manojit Bhuyan
WA1622017.txt,Ajit Singh Manojit Bhuyan
WPC35982017.txt,Ajit Singh Manojit Bhuyan
WPC64972011.txt,Hrishikesh Roy
WA3592014.txt,Ajit Singh Manojit Bhuyan
MatApp292015.txt,Ajit Singh Manojit Bhuyan
IACivil21372017.txt,Ajit Singh Manojit Bhuyan
PIL292017.txt,Ajit Singh Manojit Bhuyan
WPC35512017.txt,Ajit Singh Manojit Bhuyan
MACAPP2122010.txt,Kalyan Rai Surana
CRP2142014.txt,Mir Alfaz Ali
WA2952014.txt,Ajit Singh Manojit Bhuyan
WPC16322014.txt,Achintya Malla Bujor Barua
WPC62912014.txt,Nelson Sailo
CRP1932015.txt,Kalyan Rai Surana
WA3742015.txt,Ajit Singh Manojit Bhuyan
WPC18492015.txt,Nelson Sailo
WPC36222015.txt,Nelson Sailo
WPC13972016.txt,Nelson Sailo
CrlA1752015.txt,Hitesh Kumar Sarma
PIL512016.txt,Ajit Singh Manojit Bhuyan
WPC60652016.txt,Arup Kumar Goswami
WA1742017.txt,Ajit Singh Manojit Bhuyan
WA1752017.txt,Ajit Singh Manojit Bhuyan
WPC37972017.txt,Achintya Malla Bujor Barua
TestCas42005.txt,Mir Alfaz Ali
RSA392007.txt,Prasanta Kumar Deka
CRPIO762017.txt,Kalyan Rai Surana
PIL22017.txt,Ajit Singh Manojit Bhuyan
WA1782017.txt,Ajit Singh Manojit Bhuyan
WA1802017.txt,Ajit Singh Manojit Bhuyan
CrlAJ742011.txt,Prasanta Kumar Deka
CrlAJ1132014.txt,Prasanta Kumar Deka
CrlAJ1262014.txt,Prasanta Kumar Deka
CrlAJ732015.txt,Hitesh Kumar Sarma
CRLAJ952015.txt,Mir Alfaz Ali
WPCAZ2152016.txt,Suman Shyam
CRLAJ1222014.txt,Achintya Malla Bujor Barua
CrlAJ792015.txt,A.M. Bujor Barua
WPC20202008.txt,Manash Ranjan Pathak
WPC40032010.txt,A.M. Bujor Barua
WPC26422011.txt,A.M. Bujor Barua
CrlAJ472012.txt,Hitesh Kumar Sarma
WPC55482012.txt,Manash Ranjan Pathak
WPC57062012.txt,Achintya Malla Bujor Barua
WPC14102013.txt,Manash Ranjan Pathak
WPC19632013.txt,Manash Ranjan Pathak
WPC26192013.txt,Manash Ranjan Pathak
WPC26672013.txt,Manash Ranjan Pathak
WPC57682013.txt,Manash Ranjan Pathak
CrlAJ492014.txt,Hitesh Kumar Sarma
CRLPET1132014.txt,Manash Ranjan Pathak
CRLPET2632014.txt,Manash Ranjan Pathak
WA1112014.txt,Ajit Singh Manojit Bhuyan
WPC33792014.txt,Achintya Malla Bujor Barua
CrlAJ612015.txt,Hitesh Kumar Sarma
CrlAJ902015.txt,Hitesh Kumar Sarma
CrlAJ1172015.txt,Mir Alfaz Ali
CrlAJ172016.txt,Hitesh Kumar Sarma
CrlAJ412016.txt,Hitesh Kumar Sarma
CrlAJ1232016.txt,Hitesh Kumar Sarma
WA1872017.txt,Ajit Singh Manojit Bhuyan
WA1882017.txt,Ajit Singh Manojit Bhuyan
RSA692003.txt,Prasanta Kumar Deka
CrlA202006.txt,Hitesh Kumar Sarma
CRLA992008.txt,Rumi Kumari Phukan
CrlA1832008.txt,Hitesh Kumar Sarma
WPC23232008.txt,A.M. Bujor Barua
WPC48632008.txt,Hrishikesh Roy
WPC49932008.txt,A.M. Bujor Barua
WPC2222009.txt,A.M. Bujor Barua
WPC5742009.txt,Achintya Malla Bujor Barua
WPC25922010.txt,Hrishikesh Roy
WPC27822010.txt,Hrishikesh Roy
WPC10422013.txt,Ajit Singh Manojit Bhuyan
WPC59732014.txt,Ajit Singh Manojit Bhuyan
MatApp272015.txt,Ajit Singh Manojit Bhuyan
PIL272015.txt,Ajit Singh Manojit Bhuyan
WA22015.txt,Ajit Singh Manojit Bhuyan
WA2292015.txt,Ajit Singh Manojit Bhuyan
CRP4332016.txt,Kalyan Rai Surana
MACApp1282016.txt,Ajit Singh Manojit Bhuyan
CRP1562017.txt,Kalyan Rai Surana
WPC6112017.txt,Suman Shyam
WPC25002017.txt,Prasanta Kumar Deka
WPC41462006.txt,Ajit Singh Manojit Bhuyan
CRLA682008.txt,Hitesh Kumar Sarma
CRLA1202008.txt,Hitesh Kumar Sarma
WPC14872010.txt,A.M. Bujor Barua
WPC23862010.txt,A.M. Bujor Barua
CRPIO1292015.txt,Kalyan Rai Surana
CoApp22016.txt,Kalyan Rai Surana
CrlPet322007.txt,Manash Ranjan Pathak
CrlA312008.txt,Hitesh Kumar Sarma
CrlA1852009.txt,Hitesh Kumar Sarma
WPC9772010.txt,Manash Ranjan Pathak
WPC29832010.txt,Hrishikesh Roy
WPC41342010.txt,Hrishikesh Roy
CrlPet8092014.txt,Manash Ranjan Pathak
CrlPet8102014.txt,Manash Ranjan Pathak
CrlPet8122014.txt,Manash Ranjan Pathak
CRLPET8902014.txt,Manash Ranjan Pathak
CrlPet2052015.txt,Manash Ranjan Pathak
CRPIO232015.txt,Kalyan Rai Surana
CrlPet632016.txt,Manash Ranjan Pathak
CrlPet1272016.txt,Manash Ranjan Pathak
CRLPET1592016.txt,Manash Ranjan Pathak
CrlPet5622016.txt,Manash Ranjan Pathak
CrlPet9552016.txt,Manash Ranjan Pathak
RSA322004.txt,Prasanta Kumar Deka
WPC11262010.txt,A.M. Bujor Barua
WPC29652012.txt,Achintya Malla Bujor Barua
CrlPet5982013.txt,Manash Ranjan Pathak
CrlPet7812015.txt,Manash Ranjan Pathak
CrlPet5242016.txt,Manash Ranjan Pathak
CRP942017.txt,Kalyan Rai Surana
WPC21802012.txt,Achintya Malla Bujor Barua
WPC51172012.txt,Achintya Malla Bujor Barua
WPC73712016.txt,Achintya Malla Bujor Barua
CRP1312017.txt,Prasanta Kumar Deka
WPC23092017.txt,Nelson Sailo
RSA1062004.txt,Prasanta Kumar Deka
RSA1682004.txt,Prasanta Kumar Deka
CrlA242008.txt,Hitesh Kumar Sarma
CrlA472009.txt,Hitesh Kumar Sarma
CrlA1882009.txt,Hitesh Kumar Sarma
WPC50402010.txt,Hrishikesh Roy
WPC52872010.txt,Hrishikesh Roy
CrlA152009.txt,Hitesh Kumar Sarma
WPC66022010.txt,A.M. Bujor Barua
MACAPP812011.txt,Mir Alfaz Ali
MACAPP1682013.txt,Mir Alfaz Ali
CRPIO1622017.txt,Kalyan Rai Surana
RSA712017.txt,Prasanta Kumar Deka
WA2012017.txt,Hrishikesh Roy Arup Kumar Goswami
CrlA1822005.txt,Hitesh Kumar Sarma
CrlA512008.txt,Hitesh Kumar Sarma
CrlA1432008.txt,Hitesh Kumar Sarma
MFA282009.txt,Kalyan Rai Surana
WPC53752010.txt,Hrishikesh Roy
WPC53772010.txt,Hrishikesh Roy
WPC65402010.txt,Suman Shyam
WPC26242012.txt,Achintya Malla Bujor Barua
MACAPP722013.txt,Mir Alfaz Ali
CrlAJ772015.txt,Prasanta Kumar Deka
CrlAJ1062015.txt,Prasanta Kumar Deka
PIL1182015.txt,Ajit Singh Manojit Bhuyan
WA1702015.txt,Ajit Singh Manojit Bhuyan
ARBP322016.txt,Arup Kumar Goswami
CrlAJ1242016.txt,Prasanta Kumar Deka
CRP882016.txt,Kalyan Rai Surana
WPC24022016.txt,Ajit Singh Manojit Bhuyan
WPC28982016.txt,Nelson Sailo
WPC40342017.txt,Suman Shyam
CrlPet4962010.txt,Manash Ranjan Pathak
WPC35442010.txt,Manash Ranjan Pathak
CRP2252011.txt,Manash Ranjan Pathak
WPC61842012.txt,Manash Ranjan Pathak
CrlPet642014.txt,Manash Ranjan Pathak
CrlPet1352014.txt,Manash Ranjan Pathak
CrlPet5862014.txt,Manash Ranjan Pathak
CrlPet8042014.txt,Manash Ranjan Pathak
CrlPet9872014.txt,Manash Ranjan Pathak
WPC4722014.txt,A.M. Bujor Barua
CrlPet282015.txt,Manash Ranjan Pathak
CrlAJ662016.txt,Hitesh Kumar Sarma
RSA942006.txt,Prasanta Kumar Deka
RFA332008.txt,Kalyan Rai Surana
WPC23572011.txt,A. M. Bujor Barua
WPC26142012.txt,A.M. Bujor Barua
CrlAJ812015.txt,Prasanta Kumar Deka
WPC58442015.txt,Ajit Singh Manojit Bhuyan
CRP3852016.txt,Kalyan Rai Surana
WA1822017.txt,Ajit Singh Manojit Bhuyan
WA2042017.txt,Ajit Singh Manojit Bhuyan
RSA302004.txt,Prasanta Kumar Deka
CrA1712008.txt,Hitesh Kumar Sarma
CrlA572009.txt,Hitesh Kumar Sarma
MFA2162010.txt,Kalyan Rai Surana
WPC53862010.txt,Hrishikesh Roy
WPC54002010.txt,Hrishikesh Roy
WPC65112011.txt,Nelson Sailo
CRLAJ1162013.txt,Ujjal Bhuyan Paran Kumar Phukan
WPC30982014.txt,A. M. Bujor Barua
WPC43862014.txt,Arup Kumar Goswami
CrlPet7432016.txt,Hitesh Kumar Sarma
PIL192016.txt,Ajit Singh Manojit Bhuyan
PIL372016.txt,Ajit Singh Manojit Bhuyan
WPC22132016.txt,Arup Kumar Goswami
WPC9012012.txt,A.M. Bujor Barua
CRP2322015.txt,Kalyan Rai Surana
WA2482015.txt,Ajit Singh Manojit Bhuyan
CRP3712016.txt,Kalyan Rai Surana
CRP4132016.txt,Kalyan Rai Surana
IACivil19242017.txt,Ajit Singh Manojit Bhuyan
RSA952017.txt,Prasanta Kumar Deka
WPCrl12017.txt,Nelson Sailo
WPC4112017.txt,Nelson Sailo
WPC43612017.txt,Ajit Singh Manojit Bhuyan
FAO282010.txt,Mir Alfaz Ali
WPC56362010.txt,Hrishikesh Roy
WPC62622010.txt,Nelson Sailo
MACAPP122011.txt,Mir Alfaz Ali
WPC65442011.txt,Nelson Sailo
ArbP92013.txt,Arup Kumar Goswami
CrlRevP672013.txt,Hitesh Kumar Sarma
RSA1732013.txt,Prasanta Kumar Deka
WPC24092015.txt,Nelson Sailo
CrlPet2132016.txt,Hitesh Kumar Sarma
WPC55902016.txt,Ajit Singh Manojit Bhuyan
WPC69642016.txt,Suman Shyam
RSA1662017.txt,Prasanta Kumar Deka
WA812017.txt,Ajit Singh Manojit Bhuyan
INTESTCAS62007.txt,Mir Alfaz Ali
CrlA1042008.txt,Hitesh Kumar Sarma
WPC10322010.txt,Nelson Sailo
WPC22292015.txt,Arup Kumar Goswami
WPC64812015.txt,Nelson Sailo
WPC43922016.txt,A.M. Bujor Barua
WPC60692016.txt,A.M. Bujor Barua
WPC74682016.txt,Nelson Sailo
WPC7632017.txt,Suman Shyam
CRLREVP902005.txt,Mir Alfaz Ali
CRLREVP1842005.txt,Mir Alfaz Ali
CRLREVP2952005.txt,Mir Alfaz Ali
WPC3392009.txt,Manash Ranjan Pathak
WPC12162009.txt,Manash Ranjan Pathak
WPC37092012.txt,Manash Ranjan Pathak
WPC7132013.txt,Manash Ranjan Pathak
WPC31772013.txt,Manash Ranjan Pathak
WPC33142013.txt,Manash Ranjan Pathak
CrlPet1502015.txt,Manash Ranjan Pathak
CrlPet7882016.txt,Hitesh Kumar Sarma
IACivil5822016.txt,Mir Alfaz Ali
CrlRevP52017.txt,Manash Ranjan Pathak
RSA2122017.txt,Prasanta Kumar Deka
WA1342017.txt,Ajit Singh Manojit Bhuyan
WA1972017.txt,Ajit Singh Manojit Bhuyan
WA2072017.txt,Ajit Singh Manojit Bhuyan
WPC3882017.txt,Nelson Sailo
WPC13252017.txt,Suman Shyam
WPC44562017.txt,Ajit Singh Manojit Bhuyan
MFA1342004.txt,Kalyan Rai Surana
RSA1692004.txt,Prasanta Kumar Deka
CRLREVP5292005.txt,Mir Alfaz Ali
RSA402007.txt,Prasanta Kumar Deka
CrlA502008.txt,Hitesh Kumar Sarma
CrlA1892008.txt,Hitesh Kumar Sarma
RFA282009.txt,Kalyan Rai Surana
WPC14502011.txt,Arup Kumar Goswami
WPC41282011.txt,Hrishikesh Roy
CrlA1832014.txt,Hitesh Kumar Sarma
WPC14172015.txt,Achintya Malla Bujor Barua
ContCasC4062016.txt,Achintya Malla Bujor Barua
CRP1962017.txt,Kalyan Rai Surana
RSA1752017.txt,Prasanta Kumar Deka
WPC1392017.txt,Arup Kumar Goswami
WPC21232017.txt,Suman Shyam
WPC21412017.txt,Suman Shyam
WPC21802017.txt,Suman Shyam
WPC22582017.txt,Suman Shyam
WPC51082008.txt,Nelson Sailo
WPC34732010.txt,Achintya Malla Bujor Barua
WPC40162012.txt,Achintya Malla Bujor Barua
WPC57342014.txt,Suman Shyam
CRP4302016.txt,Kalyan Rai Surana
WPC63912016.txt,Nelson Sailo
CRP632017.txt,Kalyan Rai Surana
WPC22832017.txt,Nelson Sailo
WPC40582017.txt,Ajit Singh Manojit Bhuyan
WPC45042017.txt,Arup Kumar Goswami
WPC45692017.txt,Arup Kumar Goswami
WPC18342008.txt,Arup Kumar Goswami
CrlA1732009.txt,Hitesh Kumar Sarma
WPC57962010.txt,Achintya Malla Bujor Barua
WPC58572010.txt,Achintya Malla Bujor Barua
WPC58632010.txt,Achintya Malla Bujor Barua
MatApp202011.txt,Ajit Singh Manojit Bhuyan
WPC49932011.txt,Hrishikesh Roy
ArbA222013.txt,Prasanta Kumar Deka
CrlPet7082013.txt,Manash Ranjan Pathak
CrlPet7572014.txt,Manash Ranjan Pathak
CrlRevP1262015.txt,Manash Ranjan Pathak
WA932015.txt,Ajit Singh Manojit Bhuyan
CrlPet4152016.txt,Manash Ranjan Pathak
CrlPet5322016.txt,Manash Ranjan Pathak
CRP3322016.txt,Kalyan Rai Surana
VJS02042009ITA882007.txt,"Vikramajit Sen, Rajiv Shakdher"
HK17032010LAA2682010.txt,Hima Kohli
SKN13032013CRLA10972012.txt,"Sanjiv Khanna, Siddharth Idul"
RVE31012012CW79312010.txt,"Sanjiv Khanna, R.V. Easwar"
ISM20092017BA11142017.txt,I.S.Mehta
IKK03052013FAOOS1402011.txt,"Sanjay Kishan Kaul, Indermeet Kaur"
RKG07032019CRLMM37202018.txt,R.K.Gauba
PNJ05072010CW195412004.txt,Pradeep Nandrajogmool Chand Garg
VJM06052013CW29002013.txt,"Valmiki Mehta, Valmiki Mehta J"
VJM20022013CW44831996.txt,"Valmiki Mehta, Valmiki Mehta J"
SPG26022013CRLA3682001.txt,S.P.Garg
PKB13042012RCR1742011.txt,P.K.Bhasin
ISM25032019CW73622016.txt,"S. Muralidhar, I.S. Mehta"
RSE17012013S972010.txt,Rajiv Sahai
VJM14052013CW3121995.txt,"Valmiki Mehta, Valmiki Mehta J"
RSE17072008S2482004.txt,Rajiv Sahai
SUG13032013CRLR3142007.txt,Sunil Gaur
MAN06092016OMP4312015.txt,Manmohan Singh
VJM10042018REVIEWPET1472018.txt,"Valmiki Mehta, Valmiki Mehta J"
GM04122009CP502003.txt,Gita Mittal
SAS16032017CW77032016.txt,Sanjeev Sachdeva
SRB13072007CRLR7492006.txt,S. Ravindra Bhat
GPM01102012MACA1512005.txt,G.P.Mittal
MMH06032014CW71822010.txt,Manmohan
RSE29042010CW149062004.txt,Rajiv Sahai
GM20092007S10102005.txt,Gita Mittal.
SUG02042013CRLR4802008.txt,Sunil Gaur
BDA29052007CW36952007.txt,Badar Durrez Ahmed
PNJ06042015LPA1172014.txt,"Pradeep Nandrajog, Pratibha Rani"
ABH27012011CRLMM19072008.txt,Ajit Bharihoke
AMA15112016CRLA6612014.txt,"Gita Mittal, Anu Malhotra"
SKT13012012CRLMM1462012.txt,Suresh Kait
VIB31102014CW15042011.txt,Vibhu Bakhru
AK01082008BA8272008.txt,Anil Kumar
MAN27012010S14241988.txt,Manmohan Singh
VKJ27032014CRLA15212013.txt,V.K. Jain
SKT10122014CW87362014.txt,Suresh Kait
SUG04102018MACA2022018.txt,Sunil Gaur
SND03112009S7002008.txt,Shiv Narayan Dhingra
SRB10032014CEAC112014.txt,"S. Ravindra Bhat, R.V. Easwar"
SKT01122015CRLMM48802015.txt,Suresh Kait
SUG11032019CRLMM13182019.txt,Sunil Gaur
VKR01072019CW71632017.txt,V. Kameswar Rao
SKN23022010CW59702007.txt,Sanjiv Khanna
MS28032008LPA552008.txt,Reva Khetrapal
VJM09012013CW52191998.txt,"Valmiki Mehta, Valmiki Mehta J"
PNJ20092011CW24752011.txt,"Pradeep Nandrajog, Sunil Gaur"
VJM04022013CW35171997.txt,"Valmiki Mehta, Valmiki Mehta J"
ASK18032015CRLA1172014.txt,"Sanjiv Khanna, Ashutosh Kumar"
RKG09102017MACA10302015.txt,R.K.Gauba
RSE03052010CW63811998.txt,Rajiv Sahai
RSE14062011CW85632008.txt,Rajiv Sahai
VJM28022012RFA4652010.txt,"Valmiki Mehta, Valmiki Mehta J"
VKR20022015AAP72015.txt,V.Kameswar Rao
RSE27092011CW69922011.txt,Rajiv Sahai
VKJ21102013CW19822013.txt,V.K.Jain
MMH11072016CW75322012.txt,Manmohan
NAC03122018AA3552018.txt,Navin Chawla
SUG08092016FAO4082015.txt,Sunil Gaur
VB09112011CRLA1191999.txt,"Badar Durrez Ahmed, Veena Birbal"
SID09022010ITA1192010.txt,"Badar Durrez Ahmed, Siddharth Idul"
PNJ09092013CRLA2522004.txt,Pradeep Nandrajog
SAS15102019CR1092019.txt,Sanjeev Sachdeva
VKJ22102013CW46612011.txt,V.K.Jain
PNJ14052013CW6932012.txt,"Pradeep Nandrajog, V. Kameswar Rao"
VSA26082015CMM5792015.txt,Vipin Sanghi
BDA11122008ITA13542008.txt,Badar Durrez Ahmed
SRB27012009MATC50742008.txt,S. Ravindra Bhat
MMH18082008CRLMM392007.txt,Manmohan
SAS05122018CRLR8132015.txt,Sanjeev Sachdeva
CSH18052017ITA10582011.txt,S. Muralidhar
SRB01022010S6392008.txt,S. Ravindra Bhat
GSS22022013CW11772013.txt,G.S.Sistani
RSE17122015CW39032011.txt,Rajiv Sahai
SND17092009AAP82009.txt,Shiv Narayan Dhingra
KG25022009CW74922003.txt,Kailash Gambhir
GPM02122011MACA122011.txt,G.P.Mittal
PNJ07102013CW42872002.txt,"Pradeep Nandrajog, V. Kameswar Rao"
AKS02052008CW17512006.txt,"The A.K.Sikri, The M.Malik"
HKO06012016S16062015.txt,Hima Kohli
PNJ06082009CRLA112001.txt,"Pradeep Nandrajog, Indermeet Kaur"
PNJ06082007FAO1921990.txt,Pradeep Nandrajog
HK18122014CW76242013.txt,Hima Kohli
SRB28012008CW27382006.txt,S. Ravindra Bhat
RSE07072016CW46482014.txt,Rajiv Sahai
GSS01122017CW63512014.txt,"G.S.Sistani, Vinod Goel"
KG06042009FAO581991.txt,Kailash Gambhir
MLM27042012CCP1062012.txt,M.L. Mehta
KG24032008FAO1122000.txt,Kailash Gambhir
SRB31072017CW43932017.txt,"S. Ravindra Bhat, S.P. Garg"
SNA05032010CW79032008.txt,S.N. Aggarwal
GPM26022015MACA9212013.txt,G.P.Mittal
RK30012008LPA1151999.txt,Reva Khetrapal
SPG03042018CRLR1412018.txt,S.P.Garg
VKS28052013FAO3752007.txt,V.K. Shali
PMS22032018RFA432017.txt,Prathiba M. Singh
ABH14012011CRLA7002008.txt,Ajit Bharihoke
VBG15052008FAO861998.txt,V. B. Gupta
AKP16102014RFA4842012.txt,A.K. Pathak
VIB14082014CW20332013.txt,"S. Ravindra Bhat, Vibhu Bakhru"
VKS09052016FAO1041987.txt,V.K. Shali
MMH07092016CW57512015.txt,Manmohan
SPG06072015CRLA15872011.txt,S.P.Garg
SUG12022018CW13022018.txt,Sunil Gaur
YKH18112019RFA9652019.txt,Yogesh Khanna
VIB21052014ITA2322014.txt,"S. Ravindra Bhat, Vibhu Bakhru"
SND04082009OMP2822009.txt,Shiv Narayan Dhingra
SKN25092012CRLA5132012.txt,"Sanjiv Khanna, S.P.Garg"
ASK09092015CRLR6452013.txt,Ashutosh Kumar
MAN19032015BA14672014.txt,Manmohan Singh
KG08032011RFA3612004.txt,Kailash Gambhir
IKK14032011RSA452011.txt,Indermeet Kaur
SUG23012019CRLMM3452019.txt,Sunil Gaur
GPM10042015MACA4742011.txt,G.P.Mittal
RKG03122018CRLA8232004.txt,R.K.Gauba
PKB03012012CR2002010.txt,P.K.Bhasin
SKT18122014CW82312014.txt,Suresh Kait
VJM15032013FAOOS4582009.txt,"Sanjiv Khannavalmiki Mehta, S.P. Garg"
VKJ28022012CW11502012.txt,"Badar Durrez Ahmed, V.K.Jain"
KG04092013CRLA4322010.txt,"Kailash Gambhir, Indermeet Kaur"
GPM03092012MACA2132007.txt,G.P.Mittal
VJM26032014FAO2222013.txt,"Valmiki Mehta, Valmiki Mehta J"
SKT28092015CRLMM39162015.txt,Suresh Kait
CHS20032019RFA2412019.txt,C. Hari Shankar
SKT04112019CRLMM56162019.txt,Suresh Kumar Kait
JAN21052013LPA2822013.txt,Jayant Nath
MS05022008LPA62008.txt,Reva Khetrapal
RSE09092009OMP5142009.txt,Rajiv Sahai
GM04042008CW27742008.txt,Gita Mittal
VKJ12092012S23292011.txt,V.K.Jain
PNJ14072015LPA2692015.txt,"Pradeep Nandrajog, Mukta Gupta"
PRA05122012CRLMM3872012.txt,Pratibha Rani
MKO04112019CRLMM43202019.txt,Manoj Kumar Ohri
COR1_SAS31102018BA6142018.txt,Sanjeev Sachdeva
VKR07092016CW77142016.txt,V. Kameswar Rao
RAS01072013OMP5612007.txt,Rajiv Shakdher
VJM01122011RFA1392010.txt,"Valmiki Mehta, Valmiki Mehta J"
HKO19012017RFA7052016.txt,Hima Kohli
SDS26052017MATFC1782016.txt,"Hima Kohli, Sangita Dhingra Sehgal"
SUG07112013CRLMM50632006.txt,Sunil Gaur
SPG23022017CRLR1822012.txt,S.P.Garg
GPM25042011CRLA3112011.txt,"S. Ravindra Bhat, G.P.Mittal"
REP27112018CRLR6842002.txt,Rekha Palli
RSE20042010CW35691996.txt,Rajiv Sahai
RSE21082012LPA9432011.txt,Rajiv Sahai
GPM13012015MACA10502011.txt,G.P.Mittal
BDA23022016CW85652015.txt,"Badar Durrez Ahmed, R.K. Gauba"
SUG25042019CRLMM21852019.txt,Sunil Gaur
HKO01042016CW230532005.txt,"Hima Kohli, Sunil Gaur"
GSS19122011S17632005.txt,G.S.Sistani
SKK20082010FAOOS12010.txt,Sanjay Kishan Kaulvalmiki Mehta
SMD16092009IA97682009.txt,S. Muralidhar
SRB28022013CW3642013.txt,"S. Ravindra Bhat, Sudershan Kumar Misra"
HK23022012CW76352010.txt,Hima Kohli
GSS06102016PR832013.txt,G.S.Sistani
PMS06032019S3492018.txt,Prathiba M. Singh
RVE07062013BA9262013.txt,R.V. Easwar
PNJ05102015LPA3592015.txt,"Pradeep Nandrajog, Mukta Gupta"
VKJ24052013CW30732013.txt,V.K. Jain
IKK09052011RSA2432007.txt,Indermeet Kaur
SMD09022009CRLMM18082008.txt,S. Muralidhar
VIB27022019CW110472017.txt,Vibhu Bakhru
VJM03092014CR1292013.txt,"Valmiki Mehta, Valmiki Mehta J"
AK14122007EX732005.txt,Anil Kumar
AMA26042017LPA1342017.txt,Anu Malhotra
SPG17102017S9002002.txt,S.P.Garg
MMH01092008FAOOS3032005.txt,"Mukul Mudgal, Manmohan"
HKO23012017RFA852017.txt,Hima Kohli
SMD13032008CRLMM52112006.txt,S. Muralidhar
PNJ09102015LPA6732015.txt,"Pradeep Nandrajog, Mukta Gupta"
SUG26082013CRLMM74872006.txt,Sunil Gaur
RKG07042015CW30112010.txt,"S. Ravindra Bhat, R.K.Gauba"
MLM18052012CRLMM36492010.txt,M.L. Mehta
CHS23082017CW34902010.txt,C.Hari Shankar
PNJ02112010CW64232010.txt,"Pradeep Nandrajog, Mool Chand Garg"
HK29092011CW72392011.txt,Hima Kohli
SMD30082018CRLA6722015.txt,S. Muralidhar
VKR28042016S28292015.txt,V.Kameswar Rao
ABH24022011CRLMM33152010.txt,Ajit Bharihoke
SKN01022012CEAC22012.txt,"Sanjiv Khanna, R.V.Easwar"
PNJ04032010CRLA1712010.txt,"Pradeep Nandrajog, Suresh Kait"
PNJ11092007CRLR4612001.txt,Pradeep Nandrajog
SUG10072019CRLMM32512019.txt,Sunil Gaur
SAS19042018CRLMM14982018.txt,Sanjeev Sachdeva
GSS16012018CW112015.txt,"G.S.Sistani, Sangita Dhingra Sehgal"
PMS07112019CMM14912019.txt,Prathiba M. Singh
RSE14052009S12921992.txt,Rajiv Sahai
SAS12052016CW25262015.txt,"Sanjeev Sachdeva, Badar Durrez Ahmed"
MMH13092010ITA13552010.txt,Manmohan
MUG21072014CRLA4821998.txt,"Pradeep Nandrajog, Mukta Gupta"
SRB28082008S5722005.txt,S. Ravindra Bhat
PNJ22042013CW57922012.txt,"Pradeep Nandrajog, V. Kameswar Rao"
VKR27112013CW48992011.txt,"Pradeep Nandrajog, V.Kameswar Rao"
RB14082019CW87722019.txt,"Vipin Sanghi, Rajnish Bhatnagar"
SID05032015CRLA1702013.txt,Siddharth Idul
RAS06112008ITA102007.txt,"Badar Durrez Ahmed, Rajiv Shakdher"
KG05082010CW41522007.txt,Kailash Gambhir
SRB06012015CW87762014.txt,"S. Ravindra Bhat, Vipin Sanghi"
PST12022016CRLMM45012013.txt,P.S.Teji
VS31012013CW26152011.txt,Vipin Sanghi
PST17032016CRLMM822016.txt,P.S.Teji
VKS17042009CW166642006.txt,V.K. Shali
SKN16012013CRLA252011.txt,"Sanjiv Khanna, S.P.Garg"
VJM06082013CW49792013.txt,"Valmiki Mehta, Valmiki Mehta J"
VJS26022007CW180542004.txt,"Vikramajit Sen, P. Singh"
VKJ19012010CRLA182009.txt,V.K. Jain
VJM17122018RFA9852018.txt,"Valmiki Mehta, Valmiki Mehta J"
JAN22082019S532017.txt,Jayant Nath
VKJ10122009CRLMM30952009.txt,V.K. Jain
SNA27102009CW102892009.txt,S.N. Aggarwal
GPM17072012MACA5232011.txt,G.P.Mittal
ABH22122009CRLA291995.txt,"Sanjay Kishan Kaul, Ajit Bharihoke"
AS21082009S3922005.txt,Aruna Suresh
AK23012008CW10522006.txt,Anil Kumar
PST22082016CRLMM21402016.txt,P.S.Teji
VKJ06082013CW78562012.txt,V.K.Jain
GPM19122011MACA12011.txt,G.P.Mittal
VB26052014CRLR342013.txt,Veena Birbal
SAS10082018CRLMM40252018.txt,Sanjeev Sachdeva
NVR02122013CW78182008.txt,Manmohan
MAN05032014RCR3592013.txt,Manmohan Singh
JRM27082019CW34222014.txt,R. Midha
RSE24052011CW21632011.txt,Rajiv Sahai
RK23012009FAO5122007.txt,Badar Durrez Ahmed
SDS06112017BA19662017.txt,Sangita Dhingra Sehgal
PNJ20122010CW11572010.txt,"Pradeep Nandrajog, Siddharth Idul"
AK01072008CW7181987.txt,Anil Kumar
RSE12112010CW2552010.txt,Rajiv Sahai
SKT20022014MACA5662008.txt,Suresh Kait
PKB17092013CRLA672009.txt,"P.K.Bhasin, V.P. Vaish"
SUG07122015CRLMM33362014.txt,Sunil Gaur
VB04102013CRLMP4382012.txt,Veena Birbal
PST19012018CRLA6952017.txt,"Vipin Sanghi, P.S.Teji"
SKN07082009CW9932008.txt,Sanjiv Khanna
MCG07032011FAO4302008.txt,Mool Chand Garg
BS23092019BA16382019.txt,Brijesh Sethi
PMS19072019PR1042014.txt,Prathiba M. Singh
SRB06082007CRLR8562006.txt,S. Ravindra Bhat
SUG02052018CW46402018.txt,Sunil Gaur
PNJ19102015LPA4352015.txt,"Pradeep Nandrajog, Mukta Gupta"
PNJ24122014CRLA14162014.txt,"Pradeep Nandrajog, Mukta Gupta"
GPM17122012MACA11992012.txt,G.P.Mittal
SRB15022010S242007.txt,S. Ravindra Bhat
PNJ22042015CW30462015.txt,"Pradeep Nandrajog, Pratibha Rani"
SPG22072015CRLA11072011.txt,S.P.Garg
SUG18032011PR352003.txt,Sunil Gaur
PNJ07012011CW3041994.txt,"Pradeep Nandrajog, Suresh Kait"
VKJ18112010CRLA6702006.txt,V.K. Jain
RSE15062011CW43262011.txt,Rajiv Sahai
HK22072010CRLMM15072010.txt,Hima Kohli
VKR08032017FAOOS3852014.txt,V. Kameswar Rao
MUG28052015CMM5452015.txt,Mukta Gupta
VJM27022013CW10261997.txt,"Valmiki Mehta, Valmiki Mehta J"
GPM22032012MACA7002010.txt,G.P.Mittal
GPM27082012MACA4562009.txt,G.P.Mittal
MAN29072011S1272008.txt,Manmohan Singh
SKN11052018CW18132018.txt,"Sanjiv Khanna, Chander Shekhar"
RSE01072014FAOOS4162013.txt,Rajiv Sahai
SKN03092009CW31722008.txt,Sanjiv Khanna
RKG11122017MACA3402013.txt,R.K.Gauba
JRM17082018SC8972018.txt,R. Midha
SAS07052019CRLR5432019.txt,Sanjeev Sachdeva
RSE17122015CW64142013.txt,Rajiv Sahai
RK01052014RFAOS302013.txt,"Reva Khetrapal, Pratibha Rani"
JRM23012012CW64701999.txt,"Anil Kumar, R. Midha"
SKM16102014CRLMM40432014.txt,Sudershan Kumar Misra
VJM02022018RFA702018.txt,"Valmiki Mehta, Valmiki Mehta J"
PNJ12092012RFAOS832012.txt,"Pradeep Nandrajog, Manmohan Singh"
MAN15122014S19972012.txt,Manmohan Singh
SNA26082009CW47142004.txt,S.N. Aggarwal
SUG21072009CW43901998.txt,Sunil Gaur
GM09112010CW24672001.txt,"Gita Mittal, R. Midha"
VKJ19032014CRLA11402013.txt,V.K. Jain
AK20082009CW66352007.txt,Anil Kumar
MMH28092010ITA14792010.txt,Manmohan
SUG10012018CW114932017.txt,Sunil Gaur
GPM15112011MACA7822010.txt,G.P.Mittal
SKN29072009CW105052009.txt,Sanjiv Khanna
JAN20112013IA115252012.txt,Jayant Nath
RK29112010RFA181997.txt,Reva Khetrapal
DES04012016CW23582013.txt,"S. Ravindra Bhat, Deepa Sharma"
SKT11092015CRLMM37442015.txt,Suresh Kait
PNJ26082014CRLA5632014.txt,"Pradeep Nandrajog, Mukta Gupta"
SKT19112019CRLMM58542019.txt,Suresh Kumar Kait
BDA06112012CRLW15522010.txt,Badar Durrez Ahmed
SUG29032017MACA3122009.txt,Sunil Gaur
MMH06092010LPA17352006.txt,Manmohan
BR28072017WP(C)25872015.txt,Biswanath Rath
BKM13122012WA4262011.txt,"B.K.Misra, V.Gopala Gowda C."
SCP19082013WP(C)187352013.txt,S.C. Parija
PM23082004CRP1862003.txt,Pradip Mohanty
SKS21112016CRLMC28032010.txt,S. K. Sahoo
BRS18092013WP(C)171552006.txt,"B.R.Sarangi, S.Panda"
DD25072014CRLA1361991.txt,D. Dash
BM31082016WP(C)32012016.txt,"Biswajit Mohanty, I. Mahanty"
SNP08042015WP(C)218282010.txt,S.N.Prasad
DPC10052017WP(C)80042016.txt,D.P.Choudhury
SKS21092016CRLREV6452016.txt,S.K. Sahoo
SCP22112013WP(C)227072013.txt,S.C. Parija
SCP14082013WP(C)185642013.txt,S.C. Parija
AR04092014WA2852014.txt,"Amitava Roy C., A.K. Rath"
AKG27012014WP(C)7662014.txt,"A.K.Goel C., A.K.Rath"
SCP22082013WP(C)177172013.txt,S.C. Parija
VGG02082011WP(C)82422011.txt,Date Of ment 02.08.2011
SCP25092013WP(C)224472013.txt,S.C. Parija
DD01112016SA1671998.txt,D. Dash
MMD20092010WP(C)130792008.txt,M.M. Das
AKR27032018SA311991.txt,A.K. Rath
DD04102016RSA1762015.txt,D. Dash
SCP16092013WP(C)206782013.txt,S.C. Parija
AKR29032017SA371990.txt,A.K. Rath
BRS29042016WP(C)87692003.txt,"B.R. Sarangi, Vineet Saran C."
BRS28072015WP(C)83502012.txt,B.R.Sarangi
BMP22042014WP(C)16372006.txt,"B.N.Mahapatra, I. Mahanty"
DPC21062016WP(C)32452016.txt,"D.P. Choudhury, I. Mahanty"
MMD23022013CRP522005.txt,M. M. Das
BKN01052015RFA2432007.txt,B.K.Nayak
BR30012017OJC140341999.txt,Biswanath Rath
MMD04092012WP(C)150492008.txt,M.M. Das
RBD05102015MATA952014.txt,"Raghubir Dash, Vinod Prasad Vinod Prasad"
AKG11122013WP(C)260822013.txt,"A.K.Goel C., A.K. Rath"
AKR20022017WP(C)109672016.txt,A.K.Rath
SCP20112013WP(C)241312013.txt,S.C. Parija
VGG31072012WP(C)24442011.txt,B.N.Mahapatra
AKR19022018SA2421996.txt,A.K. Rath
VGG28032012WP(C)53312011.txt,B.N.Mahapatra
DD05022015GA61995.txt,D. Dash
ASN22072011MACA1042010.txt,B.N.Mahapatra
DD21112016FAO1742012.txt,D.Dash
PM25032014JCRLA312004.txt,"Pradipa Mohanty, Biswajit Mohanty"
SKS06112017CRLMC17412005.txt,S. K. Sahoo
DD08082014CRLA3321990.txt,D. Dash
AKG17012014WP(C)260372013.txt,"A.K.Goel C., A.K. Rath"
SCP13092013WP(C)214092013.txt,S.C. Parija
MMD18122009WP(C)43032009.txt,M.M. Das
RBD27112015CRA3441990.txt,Raghubir Dash
SP22012014WP(C)167072008.txt,S.Panda
DD12112014GA331998.txt,D. Dash
BRS03032016WP(C)151022005.txt,B.R.Sarangi
BMP23112012WP(C)63862012.txt,Date Of ment 23.11.2012
SKS24032017RPFAM752015.txt,S.K. Sahoo
JPD10042018CRLREV4162017.txt,P. Das
DD02012017WP(C)96762011.txt,D. Dash
IM15072014OJC141841999.txt,I.Mahanty
SKS09052017CRLMC14422005.txt,S.K. Sahoo
SNP16042018WP(C)61062018.txt,S.N. Prasad
CRD09102013CRLMC1342012.txt,C.R. Dash
BRS12072013WP(C)8632013.txt,"B.R.Sarangi, S.Panda"
AKR06052015WP(C)156182014.txt,A.K.Rath
AKR17042017SA2191998.txt,A.K.Rath
SP09102017CRLA2242003.txt,"S.Panda, S.Pujahari"
SKS01092015BLAPL20022015.txt,S.K. Sahoo
SKS03032015JCRLA402008.txt,Deputy Registrar E.
SKS10072017ABLAPL47782017.txt,S. K. Sahoo
BRS07012014WP(C)140782007.txt,B.R.Sarangi
SCP25092013WP(C)224412013.txt,S.C. Parija
BRS05082014WP(C)193622010.txt,B.R.Sarangi
SKS10102017CRLA322009.txt,S. K. Sahoo
SCP03122013WP(C)258392013.txt,S.C. Parija
SKS26092017CRLMC16952004.txt,S. K. Sahoo
SNP25062015WP(C)92312003.txt,S. N. Prasad
BKP06052014WP(C)33222012.txt,B.K. Patel
SKS27112017CRLMC14472005.txt,S. K. Sahoo
BKP29022012JCRLA422003.txt,"B.K. Patel, L. Mohapatra L. Mohapatra"
RBD18082014MA2492000.txt,R. Dash
AKG27012014WP(C)79232013.txt,"A.K.Goel C., A.K.Rath"
SKM09102012WP(C)51862012.txt,"S.K. Mishra, V. Gopala Gowda C."
BPD21122011WP(C)209952011.txt,B.P.Das
SKS21092015BLAPL39392015.txt,S.K. Sahoo
CRD15052012JCRLA862003.txt,"C.R. Dash, L. Mohapatra"
AKR11072017CMP18442016.txt,A.K. Rath
DD25092014FA331992.txt,D. Dash
BKP08092011FA771985.txt,B.K. Patel
AKR16072016WP(C)123572008.txt,A.K.Rath
BRS03032015WP(C)8712014.txt,B.R.Sarangi
CRD17042012JCRLA742003.txt,"C.R. Dash, L.Mohapatra"
SCP30082013WP(C)199462013.txt,S.C. Parija
ASN28092011WP(C)124702011.txt,"B.K.Misra, L.Mohapatra"
SCP20092013WP(C)216012013.txt,S.C. Parija
DD27032015FAO7132014.txt,D. Dash
AKR07072015WP(C)83272015.txt,A.K. Rath
BMP05112012WP(C)179562012.txt,Date Of ment 05.11.2012
AKR25022014WP(C)36582014.txt,"A.K.Goel C., A.K.Rath"
CRD21112012CRLMC22232009.txt,C.R. Dash
SNP20032018WP(C)12012018.txt,S.N. Prasad
SCP10012014CRLMC17942005.txt,S.C.Parija
AKG27012014WP(C)26832013.txt,"A.K.Goel C., A.K.Rath"
PM30012009CRA311989.txt,Pradip Mohanty
AKR24072015WP(C)116602015.txt,A.K.Rath
SCP10032014BLAPL306012013.txt,S.Pujahari
RBD17072013RFA1402009.txt,R. Dash
SKM17042013WP(C)44912013.txt,S.K.Mishra
AKR17082017SA2941990.txt,A.K. Rath
DD03102016RSA32010.txt,D. Dash
PM19032010JCRA2942000.txt,"Pradip Mohanty, B.P. Ray"
AKR19032018SA1832001.txt,A.K.Rath
SCP19082013WP(C)186342013.txt,S.C. Parija
MMD31072012RSA2012004.txt,M. M. Das
BR16112014WP(C)112552005.txt,Biswanath Rath
SCP24072013WP(C)68392012.txt,S.C. Parija
AKR01122017SA1111986.txt,A.K.Rath
AKG27012014WP(C)5882014.txt,"A.K.Goel C., A.K.Rath"
SKM12112012CONTC21722011.txt,V.Gopala Gowda C.
SKM17072012WP(C)61352012.txt,"S.K.Mishra, V.Gopala Gowda C."
AKR21112014WP(C)114582014.txt,"A.K.Rath, B.R.Sarangi"
RBD24072014JCRLA412004.txt,"Raghubir Dash, Vinod Prasad"
SNP31032016WP(C)190102011.txt,S.N.Prasad
LMP20092012WP(C)13322012.txt,"L. Mohapatra, C. R. Dash"
VP12012015JCRLA482006.txt,"Vinod Prasad, S.K.Sahoo"
SCP19122013WP(C)278302013.txt,S.C. Parija
SCP29082013WP(C)200902013.txt,S.C. Parija
PM06012010JCRA2681999.txt,"Pradip Mohanty, B.K.Patel"
AKR30032016WP(C)124112008.txt,A.K.Rath
SCP30082013WP(C)107112013.txt,S.C. Parija
DD20052016SA1641995.txt,D.Dash
DPC21062016WP(C)61182016.txt,I. Mahanty
BMP26022014RVWPET72013.txt,"B.N.Mahapatra, I. Mahanty"
AKR30032018SA1062000.txt,A.K.Rath
SCP13082013WP(C)126702009.txt,S.C. Parija
BKP22022012JCRLA392002.txt,"B.K. Patel, L. Mohapatra L. Mohapatra"
IM29112014WPCRL2232014.txt,"I.Mahanty, B.N. Mahapatra"
SKS20012017CRLREV6812016.txt,S.K. Sahoo
KRM10072015FAO862012.txt,K.R. Mohapatra
IM24122014WP(C)252112013.txt,"I.Mahanty, B.N.Mahapatra"
SP04052017CRA1311992.txt,S.Pujahari
DPC21062016WP(C)135472015.txt,I. Mahanty
BM18122015WP(C)253582014.txt,Biswajit Mohanty
SKS24072017CRLMC23242004.txt,S. K. Sahoo
BKN18062015OJC56792002.txt,B.K.Nayak
AKR05102016RSA2342012.txt,A.K.Rath
SCP03122013WP(C)240612013.txt,S.C. Parija
BKP12122011JCRLA552002.txt,L.Mohapatra
SCP25092013WP(C)224492013.txt,S.C. Parija
SKS20062016JCRLA1202004.txt,"S. K. Sahoo, Sanju Panda"
DD06082014CRLA3241991.txt,D. Dash
DD09012015RFA1332005.txt,D. Dash
CRD18082010JCRA1332000.txt,"L. Mohapatra, C.R. Dash"
DD23042014FA1051986.txt,D. Dash
SKM03092012WA1662011.txt,"V.Gopala GowdaC., S.K.Mishra"
SKS07092017CRLA552012.txt,S.K. Sahoo
SKS24012018CRLA5442016.txt,S.K. Sahoo
BRS19082014WA362013.txt,"B.R.Sarangi, Amitava RoyC. Amitava RoyC."
SKS10032017CRREV6812000.txt,S.K. Sahoo
PM12032008OJC71921996.txt,"P.K. Tripathy, Pradip Mohanty"
BKP17012012JCRA552002.txt,"L. Mohapatra, B.K. Patel"
SKS05022018CRLMC2192012.txt,S. K. Sahoo
PM09032006OJC143042001.txt,"I.M.Quddusi, Pradip Mohanty Pradip Mohanty"
AKR09122016OJC20671995.txt,A.K. Rath
BMP14122012WP(C)17172012.txt,B.N.Mahapatra
BKM10122012WP(C)90912010.txt,B.K.Misra
DPC14102017JCRLA52016.txt,D.P.Choudhury
DD10122014FA3451989.txt,D. Dash
MMD29062010WP(C)7562010.txt,M.M. Das
BRS11112014WP(C)141222014.txt,B.R.Sarangi
MMD18122009WP(C)44572009.txt,M.M. Das
AKR20112017SA2191990.txt,A.K. Rath
CNGPN24072013WP(C)160162013.txt,"C.Nagappan C., I.Mahanty"
AKR26032014WP(C)60702014.txt,"A.K.Goel C., A.K.Rath"
AKR12022018SA771997.txt,A.K. Rath
VGG07082012WP(C)159622010.txt,B.N. Mahapatra
AKR27112017RSA3692009.txt,A.K.Rath
LMP20092012WP(C)220042011.txt,"L. Mohapatra, C. R. Dash"
DD22092015RSA732006.txt,D.Dash
KRM18052016OJC85561995.txt,"K.R. Mohapatra, S. Panda"
MMD29012010CRLMC8162008.txt,M.M. Das
VGG16052012WA1032010.txt,B.N. Mohapatra
AKR20032018SA2741993.txt,A.K.Rath
MMD03052011WP(C)121862010.txt,M.M. Das
SCP13082013MACA1742012.txt,S.C.Parija
SCP20092013WP(C)215972013.txt,S.C. Parija
BR09102017CMP2062017.txt,Biswanath Rath
AKR15042015WP(C)12432003.txt,A.K.Rath
SKS02012018CRLMC9112006.txt,S. K. Sahoo
DD04122015RSA4642009.txt,D. Dash
BRS18082015WP(C)89422015.txt,B. R. Sarangi
MMD27112012WP(C)115502012.txt,M.M. Das
SCP23092013WP(C)221242013.txt,S.C. Parija
PM30102008CRA122001.txt,"P.K. Tripathy, Pradip Mohanty"
SKS31072017BLAPL71072016.txt,S. K. Sahoo
BMP23112012WP(C)335462011.txt,B.N.Mahapatra
DD17062015SA2542002.txt,D. Dash
SCP24092013MACA852010.txt,S.C.Parija
DD28082019CRA1981993.txt,D.Dash
RBD17092014MA6661996.txt,R. Dash
SCP03092013WP(C)123052009.txt,S.C. Parija
SKS28032016BLAPL8542015.txt,S. K. Sahoo
AKR25072016WP(C)175882006.txt,A.K.Rath
AKR23042014WP(C)168152012.txt,A.K.Rath
AKR26042016WP(C)79012007.txt,A.K.Rath
BR05122016OJC94232001.txt,Biswanath Rath
BMP23112012WP(C)335452011.txt,B.N.Mahapatra
SNP28112017OJC143491998.txt,S.N. Prasad
SCP08082013MACA5992012.txt,S.C.Parija
BR14092016OJC36571995.txt,Biswanath Rath
AKR11052016WP(C)50222013.txt,A.K. Rath
IM08042016WP(C)121192014.txt,"I.Mahanty, B.K.Nayak"
BRS18122013WP(C)93302010.txt,B.R.Sarangi
SKS22092016CRREV4912000.txt,S.K. Sahoo
ASN11042014FA2501994.txt,D. Dash
SKS21112016CRLREV7762016.txt,S.K. Sahoo
BR01122017WP(C)3662006.txt,Biswanath Rath
SKS23042018CRLMC9562009.txt,S. K. Sahoo
CRD18082010JCRA442001.txt,"L. Mohapatra, C.R. Dash"
AKR26042016OJC120102000.txt,A.K.Rath
AKR22112017SA891990.txt,A.K.Rath
SP24042013WP(C)68492009.txt,Sanju Panda
DD10052017RSA3432016.txt,D. Dash
DD16112015RSA952005.txt,D.Dash
SCP03122013CRLMC30612013.txt,S.C. Parija
BRS26082014WA1182012.txt,"B.R.Sarangi, Amitava Roy C."
SCP04092013WP(C)206602013.txt,S.C. Parija
SP21122016CRLA5512010.txt,S.Pujahari
CRD28072010CRA341997.txt,"L. Mohapatra, C.R. Dash"
AKG24032014WP(C)85142011.txt,"A.K.Goel C., A.K. Rath"
BR17112016OJC101932001.txt,Biswanath Rath
BR07022018CMP19432016.txt,Biswanath Rath
AKR31102016CMP13252016.txt,A.K.Rath
IM15072014CRLMC30782012.txt,I.Mahanty
MMD16012013WP(C)151702010.txt,M.M. Das
SNP08112017WP(C)173372016.txt,S.N. Prasad
SNP31102017OJC93081995.txt,S.N.Prasad
SP06012017CRLA5692013.txt,S.Pujahari
SCP16092013WP(C)215012013.txt,S.C.Parija
SKS31102016BLAPL35902016.txt,S. K. Sahoo
SKS18042016BLAPL1422016.txt,S.K. Sahoo
PM23072008MA631998.txt,Pradip Mohanty
AKG03022014WP(C)234592012.txt,"A.K.Goel C., A.K. Rath"
SCP06092013FAO3022003.txt,S.C.Parija
SP17112016CRA1621992.txt,S.Pujahari
MMD22112012JCRA532002.txt,"M.M. Das, C.R. Dash"
DPC21062016WP(C)101602015.txt,"D.P. Choudhury, I. Mahanty I. Mahanty"
MMD12092011RSA4232010.txt,M.M. Das
BRS19072013CRLMC18942004.txt,B.R. Sarangi
MMD09112010WP(C)7892005.txt,M.M. Das
AKR19062017CMP13232016.txt,A.K.Rath
DD04052015RSA1412008.txt,D. Dash
SCP30082013WP(C)202232013.txt,S.C. Parija
MMD15112012CRLMC10452008.txt,M.M. Das
RBD03032014FAO3272011.txt,R. Dash
